"","MISA001.0001.c01_024740.Cosme.Rep","MISA001.0001.c01_024740.Micr.Genom","MISA001.0001.c01_024740.Place","MISA001.0001.c01_024740.alt","MISA001.0001.c01_024740.Gene","MISA001.0001.c01_024740.NS.S","MISA001.0001.c01_024740.t0","MISA001.0001.c01_024740.t1","MISA001.0001.c01_024740.t2","MISA001.0001.c01_024740.t3","MISA001.0001.c01_024740.t4"
"11114",3.1,"MISA.c01",2587910,"C","MISA001.0001.c01_024740","NS",0,0.103,0,0,0
"11115",3.1,"MISA.c01",2587947,"T","MISA001.0001.c01_024740","S",0,0.103,0,0,0
"11116",3.1,"MISA.c01",2587957,"G","MISA001.0001.c01_024740","S",0,0.265,0,0,0
"11117",3.1,"MISA.c01",2587968,"T","MISA001.0001.c01_024740","NS",0,0.075,0,0,0
"11118",3.1,"MISA.c01",2587969,"A","MISA001.0001.c01_024740","NS",0,0.2,0,0,0
"11119",3.1,"MISA.c01",2587971,"A","MISA001.0001.c01_024740","S",0,0.146,0,0,0
"11120",3.1,"MISA.c01",2587974,"C","MISA001.0001.c01_024740","NS",0,0.079,0,0,0
"14531",3.2,"MISA.c01",2587957,"A","MISA001.0001.c01_024740","NS",0,0,0,0.056,0
"14532",3.2,"MISA.c01",2587957,"G","MISA001.0001.c01_024740","S",0,0,0,0.148,0
"14533",3.2,"MISA.c01",2587959,"A","MISA001.0001.c01_024740","S",0,0,0,0.089,0
"14534",3.2,"MISA.c01",2587975,"T","MISA001.0001.c01_024740","NS",0,0,0,0.1,0
"16866",3.3,"MISA.c01",2587947,"T","MISA001.0001.c01_024740","S",0,0,0,0.052,0
"16867",3.3,"MISA.c01",2587957,"A","MISA001.0001.c01_024740","NS",0,0,0,0.054,0
"16868",3.3,"MISA.c01",2587957,"G","MISA001.0001.c01_024740","S",0,0,0,0.248,0
"19731",3.4,"MISA.c01",2587265,"G","MISA001.0001.c01_024740","S",0,0,0,0.168,0
"23620",3.5,"MISA.c01",2587322,"C","MISA001.0001.c01_024740","NS",0,0.364,0,0.194,1
"23621",3.5,"MISA.c01",2588195,"G","MISA001.0001.c01_024740","NS",0,0.13,0,0,0
"23622",3.5,"MISA.c01",2588369,"C","MISA001.0001.c01_024740","NS",0,0.235,0,0,0
"34298",4.3,"MISA.c01",2588096,"T","MISA001.0001.c01_024740","NS",0,0,0,0,0.125
"34299",4.3,"MISA.c01",2588348,"G","MISA001.0001.c01_024740","NS",0,0,0,0,0.107
