"","COTE001.0001.c01_050720.Cosme.Rep","COTE001.0001.c01_050720.Micr.Genom","COTE001.0001.c01_050720.Place","COTE001.0001.c01_050720.alt","COTE001.0001.c01_050720.Gene","COTE001.0001.c01_050720.NS.S","COTE001.0001.c01_050720.t0","COTE001.0001.c01_050720.t1","COTE001.0001.c01_050720.t2","COTE001.0001.c01_050720.t3","COTE001.0001.c01_050720.t4"
"3253",2.1,"COTE.c01",5466695,"C","COTE001.0001.c01_050720","NS",0,0,0,0.998,0.992
"3254",2.1,"COTE.c01",5466897,"C","COTE001.0001.c01_050720","S",0,0,0.987,0,0
"4480",2.2,"COTE.c01",5466897,"C","COTE001.0001.c01_050720","S",0,0.991,0.99,1,1
"5829",2.3,"COTE.c01",5466843,"G","COTE001.0001.c01_050720","NS",0,0,0,0,0.074
"5830",2.3,"COTE.c01",5466897,"C","COTE001.0001.c01_050720","S",0,0.9,0.991,1,1
"6967",2.4,"COTE.c01",5466695,"C","COTE001.0001.c01_050720","NS",0,0,0.071,0,0
"6968",2.4,"COTE.c01",5466897,"C","COTE001.0001.c01_050720","S",0,0.98,0.934,1,0.998
"8708",2.5,"COTE.c01",5466537,"G","COTE001.0001.c01_050720","NS",0,0.95,1,1,1
"10225",3.1,"COTE.c01",5466516,"C","COTE001.0001.c01_050720","NS",0,0.437,0.403,0,0.345
"10226",3.1,"COTE.c01",5466573,"C","COTE001.0001.c01_050720","NS",0,0.34,0.36,0.429,0.337
"10227",3.1,"COTE.c01",5466855,"T","COTE001.0001.c01_050720","NS",0,0.108,0,0.377,0.214
"10228",3.1,"COTE.c01",5466905,"T","COTE001.0001.c01_050720","NS",0,0,0,0.129,0
"13704",3.2,"COTE.c01",5466500,"C","COTE001.0001.c01_050720","NS",0,0.083,0.143,0,0
"13705",3.2,"COTE.c01",5466516,"C","COTE001.0001.c01_050720","NS",0,0.141,0.151,0.129,0.22
"13706",3.2,"COTE.c01",5466534,"A","COTE001.0001.c01_050720","NS",0,0.283,0.317,0.174,0.547
"13707",3.2,"COTE.c01",5466565,"A","COTE001.0001.c01_050720","S",0,0.336,0.361,0.732,0.206
"13708",3.2,"COTE.c01",5466897,"C","COTE001.0001.c01_050720","S",0,0.099,0.058,0,0
"16063",3.3,"COTE.c01",5466500,"C","COTE001.0001.c01_050720","NS",0,0.444,0.288,0.064,0
"16064",3.3,"COTE.c01",5466558,"C","COTE001.0001.c01_050720","S",0,0.056,0,0,0
"16065",3.3,"COTE.c01",5466905,"T","COTE001.0001.c01_050720","NS",0,0.289,0.58,0.932,1
"18650",3.4,"COTE.c01",5466516,"C","COTE001.0001.c01_050720","NS",0,0.154,0.059,0,0
"18651",3.4,"COTE.c01",5466538,"A","COTE001.0001.c01_050720","S",0,0.33,0.22,0,0
"18652",3.4,"COTE.c01",5466552,"A","COTE001.0001.c01_050720","NS",0,0.264,0.682,0.982,1
"22095",3.5,"COTE.c01",5466534,"C","COTE001.0001.c01_050720","NS",0,0.914,0.957,0.646,0.513
"22096",3.5,"COTE.c01",5466695,"C","COTE001.0001.c01_050720","NS",0,0,0,0.11,0
"29464",4.2,"COTE.c01",5466495,"C","COTE001.0001.c01_050720","NS",0,0.092,0.062,0.222,0.776
"29465",4.2,"COTE.c01",5466500,"C","COTE001.0001.c01_050720","NS",0,0.064,0,0,0
"29466",4.2,"COTE.c01",5466534,"A","COTE001.0001.c01_050720","NS",0,0.138,0.277,0.281,0
"29467",4.2,"COTE.c01",5466537,"G","COTE001.0001.c01_050720","NS",0,0,0.074,0,0.092
"29468",4.2,"COTE.c01",5466564,"C","COTE001.0001.c01_050720","S",0,0.156,0.263,0.382,0.286
"33182",4.3,"COTE.c01",5466543,"T","COTE001.0001.c01_050720","NS",0,0.255,0.183,0,0
"33183",4.3,"COTE.c01",5466552,"A","COTE001.0001.c01_050720","NS",0,0.208,0.374,0.48,0.235
"33184",4.3,"COTE.c01",5466564,"C","COTE001.0001.c01_050720","S",0,0.134,0,0,0
"33185",4.3,"COTE.c01",5466695,"C","COTE001.0001.c01_050720","NS",0,0.332,0.244,0.256,0.481
"37212",4.4,"COTE.c01",5466516,"C","COTE001.0001.c01_050720","NS",0,0.141,0,0,0
"37213",4.4,"COTE.c01",5466543,"T","COTE001.0001.c01_050720","NS",0,0.106,0,0,0
"37214",4.4,"COTE.c01",5466695,"C","COTE001.0001.c01_050720","NS",0,0.149,0,0,0
"37215",4.4,"COTE.c01",5466855,"T","COTE001.0001.c01_050720","NS",0,0.278,0.13,0,0
"37216",4.4,"COTE.c01",5466897,"C","COTE001.0001.c01_050720","S",0,0,0.784,0.979,0.969
"41162",4.5,"COTE.c01",5466534,"A","COTE001.0001.c01_050720","NS",0,0.132,0,0,0
"41163",4.5,"COTE.c01",5466543,"T","COTE001.0001.c01_050720","NS",0,0,0,0.067,0
"41164",4.5,"COTE.c01",5466552,"A","COTE001.0001.c01_050720","NS",0,0,0,0.455,0
"41165",4.5,"COTE.c01",5466695,"C","COTE001.0001.c01_050720","NS",0,0,0,0.16,0
"41166",4.5,"COTE.c01",5466695,"T","COTE001.0001.c01_050720","S",0,0.346,0.149,0,0.232
"41167",4.5,"COTE.c01",5466905,"T","COTE001.0001.c01_050720","NS",0,0,0.765,0.266,0.502
"41168",4.5,"COTE.c01",5466960,"C","COTE001.0001.c01_050720","NS",0,0.2,0,0,0
